fuel,intercept,slope,R2,int_crisis,slope_crisis
Gasoline E10,1.3374674380625389,0.004928625586699173,0.6566637676338605,1.0829190200160852,0.007911828327060135
Diesel B7,1.0592327567595152,0.01142871707626452,0.7656428854580002,0.8438953167300036,0.01420308935884035
Heating oil,-0.01898776980151029,0.013782727114777278,0.8443384764956013,-0.1580749860336752,0.015673348079331576
